Name,Token ID
eth0?,24837402029658632415626391655207267019660847016363759116871971543552577780799
eth0?0?,5970166724926467123907033799086544081865675740214554430718909773305655513118
eth0?1?,28750582568836536181467417357011035991844872168622079562463003295258693055426
eth0?2?,48713673986372973769857828716923664846873292827432206551572287505295698726363
eth0?3?,67262734190511063188700548357862713757750544575012520842637728902662426267658
eth0?4?,103963120419219078960258460668927094563885522276209263963709197615446410298428
eth0?5?,40600291825630676490305914541439501424017101000228673085175388944741527253786
eth0?6?,112385763492465047370599403718649650930283454167290259464176657732375294614211
eth0?7?,38915421007530007616729142288796821473053011938425482256209531580897170480400
eth0?8?,38513349028836143891306667676181620473822352913479505493282779516741802079174
eth0?9?,14800009926980774792839619692933316813463227369978853074815697284861019557264
eth1?,74693442380306991521116212420662901037733788529024297721462824226927345555225
eth1?0?,14294196037589150611647502828746367470208533261588617344167172780703646022628
eth1?1?,12809225194524849549422569794585681749859709308945365848330835273900663052895
eth1?2?,113686694819718285379448066596343071548694736225813764099582641258189522773647
eth1?3?,67707223227974951606211487256983219796544995797054584956295118174938362085366
eth1?4?,14331893770330864438618405557359832917337320466912688628320390031026730410864
eth1?5?,11411479270819786782473430952288130971557665219893048966627300246219567216475
eth1?6?,18015881047822945505149000765383712664730523363272625189193501977480801007343
eth1?7?,65921336143925487810806517745241881724415682261483851690501219512263575082733
eth1?8?,22027531510827726482943168942121555012671222189086039747464782270380852133582
eth1?9?,59751353288048134457550515169118603206948572058085303880227264383986193881801
eth2?,228174557101944156805424258067283752196682838658968171017459215661833448402
eth2?0?,47153706515848592640927271409875360851931204016428447736568024859032080556175
eth2?1?,31864037013172406117256308553385077041067180894880614652744716300385192936947
eth2?2?,97405136108897467413311507216507005143889090042160086567509615425777748367791
eth2?3?,28314089081281524187562869338232825982715886630104924019057095630624423760505
eth2?4?,63027175009167799057766809569917464081179600465539688101059751918280089367193
eth2?5?,98066256830938336008481221643736290917243288082491222782510113968773557677952
eth2?6?,13583460064586568401787745281687447701728195444059776767631542579059814080830
eth2?7?,84440853139233750806700000265488458546339461151653473091567858831082636548087
eth2?8?,503868496927197151462946878887319172285936129555749961468863760982501002719
eth2?9?,105604704214632922269108116852249828088051504834529051563484338897141028284761
eth3?,46927223869927392625718905307496943828297438182185861926848838277123758008413
eth3?0?,3680433401991084305046281276508499469422580997162399140831226423826561462536
eth3?1?,68828971624179104203492486091039601872695275905356819424203577645289510716790
eth3?2?,74917234660439617724475197753093525667877999492356996126747209916569450195552
eth3?3?,96220856510057805031264111362198802969001711329808995122493273680129970349700
eth3?4?,71668944993036702018566180309970431532508169288471166312295341264820690096203
eth3?5?,29419975556627555031101272625095141985238791820659877431065473600477754372923
eth3?6?,86436673293146780638783691837284840867262555878652424133393763639132740996897
eth3?7?,103690269414016774322324193710791639507644180083982475735383692677771589047571
eth3?8?,1403630910501428917792428763587364476362782325605884168521296325763123321329
eth3?9?,70797181253433644398851820250110218999998128177708876848127312340727727029710
eth4?,56494401337722862068056856248817226163826067213877698228945986367197944452870
eth4?0?,114892089536963161736263682067744266984198024138223195908651761369299902534024
eth4?1?,4555536696034517181962868398938901117104571259138020124392801859348435034364
eth4?2?,2516813957496631944289423117980397297844199940971424311146935307969824364118
eth4?3?,41769235219517722044457628568212425095144450331225851945472036644907490491403
eth4?4?,82273717245435199993123019707513845382859893738701544058468455486664964556691
eth4?5?,43967232051752062688060061296430559134344286807989431985592557501031411362063
eth4?6?,58294068148686923926653519687545103949514980977002596463348927098369991757620
eth4?7?,8758062283535630144368454207872616817665305904218518915644357618132040465681
eth4?8?,58924020571746587370175370247600109094182965896385695037155650491468270360880
eth4?9?,115410160932279231632850500310841000696539402651760432713847198512178257860675
eth5?,34625853383664945109853470665111885180822413266106795550780621186311520745042
eth5?0?,71186473558712085632238073688841870769831456322821909477669888905015988157347
eth5?1?,70554397387510130675800145941610585559479506886669823831192440519181303353678
eth5?2?,99990683516002734774041407632378960177379811596265075122536040172249421219673
eth5?3?,114446660029658685276778286101941474548217597367048474561838072081008849405899
eth5?4?,82238784388303383906973250165159341250012615690641954911110171369051214995630
eth5?5?,41020086803788124980389621311527454516991303609453660874319628966770332250282
eth5?6?,5448411134482696346209086687015184126812585221447247272794151967665998713156
eth5?7?,54104704793417558719147654997327948526810747400088216787875801638101632930776
eth5?8?,7903750062289735692117633851675313578300919212751217188196703341884657247264
eth5?9?,41434504176729679387622217785656803204578072588599518475078864003118203765581
eth6?,114142059903709416488381742727255417074775914657238691149871077246128005813696
eth6?0?,112216288593898563182799895698122195093719377683461166446007454638322272863604
eth6?1?,95094330452376679122884740346163641147253620069212841085611719884289122425418
eth6?2?,75580059275952862688203829489273576344793334949258840778281898606577564830702
eth6?3?,104082070532283606866779195600763701162368469227235240664905960335742207440632
eth6?4?,13496933612560455107178577386732521531258495447880757769743561319364995045193
eth6?5?,55006407987444111197584272026873837922917483813227718220264953662646506805564
eth6?6?,66966506933470176269580417382165261578857664536678130380378405466676695298401
eth6?7?,7311588800709285617420694790174578809538997198107314543006977717386364387937
eth6?8?,86219303527995205610380938140636326657854919771305061108304752483186215839720
eth6?9?,107811799456049234316671951372516990619605194887340422579148845738831564189761
eth7?,42532670482886777288472495120114601631170261679118335360285388479077066816256
eth7?0?,61724849767594966651812789654693313726259353138608326705060277971859592394966
eth7?1?,66767063279913794503084643193879613481451190662359134870426451101132582695225
eth7?2?,22788688715043247912882959906135155795198124381423452215932659600839885342079
eth7?3?,1959780885356817604925482622582323793558493751588629966982081704549282044965
eth7?4?,54601035835477540935262174141763278688175479384663566060855547250988585706965
eth7?5?,63705576704817838617069376753002824186353687239195435870940969311732322847122
eth7?6?,94904436547368780873469563418015262420502110230572959494201663658172552852136
eth7?7?,25782647475831793452410479077233602451832920561493004597975422526186915884173
eth7?8?,95516466950162510725426047323549188601951954250884229766858462945139059581519
eth7?9?,10535399924169897642345283600389057911748086476017631086224848795462081824866
eth8?,90836898004740299986054591887773026822471107662933260630938873847602351359028
eth8?0?,36333358724467810493268466271440686635811658481765188618066834897621462738330
eth8?1?,70586542698273309705860006637953332551592101408185423113309371549938368569357
eth8?2?,105011678590491959918805891558338743654367839395633276673469266263708274182427
eth8?3?,35407063524449566574763935053533277972320212827654792892780388286712391792272
eth8?4?,16250340018714065388903034279047928289134758400268250581993814585677813482597
eth8?5?,93727446501836547525900108838495181596161535942092368910236629881763102407128
eth8?6?,7501298996931592631316230312694759934138310183345323474008126760867007179181
eth8?7?,37569063187906188285394045485366600738817977557474317013201394321917969283107
eth8?8?,82138468439575289676536786636227903477783833682376497361994968280350958246691
eth8?9?,59735165709978296462928644538550130212985042213138111605083019722206241137824
eth9?,34740720054089971586000205667969344252499329024303269737249217240886482690332
eth9?0?,70491456425324841602632478949580689387244047534071417007241134650127900926855
eth9?1?,45381598157828702806740801482132478393386468741927495509425556704975575004098
eth9?2?,26405386061474497806766722955291655070707871272537955224952802351304957987680
eth9?3?,60723990296376330181707802028223578172845453242228813173825248798725783316838
eth9?4?,90264965109357506254009267020550535424185381024348554686961009281927798504756
eth9?5?,13261666359258586194398312494793680457641926788115031583269991882437013187729
eth9?6?,94086808810605275081406577697029091445088401185045581689636502372891870794400
eth9?7?,20438721481339180900889307703238190224178718420815021910372064823148512664493
eth9?8?,84588110586128449056884017590547783745292450476510830943148193874035146297359
eth9?9?,47826602869582691231234295126544273326993670880182103212994676945444379147103
eth??,87444832879761999758581160900038758350351414421867550198157321304936165726168
